Mean,Standard deviation,Skewness,Kurtosis
0.0090864533,0.0807116815,0.0152174982,1.4498566009
